user_id,username,password
1,user1,pass1
2,user2,pass2
3,user3,pass3
4,user4,pass4
5,user5,pass5
6,user6,pass6
7,user7,pass7
8,user8,pass8
9,user9,pass9
10,user10,pass10
11,user11,pass11
12,user12,pass12
13,user13,pass13
14,user14,pass14
15,user15,pass15
16,user16,pass16
17,user17,pass17
18,user18,pass18
19,user19,pass19
20,user20,pass20
21,user21,pass21
22,user22,pass22
23,user23,pass23
24,user24,pass24
25,user25,pass25
26,user26,pass26
27,user27,pass27
28,user28,pass28
29,user29,pass29
30,user30,pass30
31,user31,pass31
32,user32,pass32
33,user33,pass33
34,user34,pass34
35,user35,pass35
36,user36,pass36
37,user37,pass37
38,user38,pass38
39,user39,pass39
40,user40,pass40
41,user41,pass41
42,user42,pass42
43,user43,pass43
44,user44,pass44
45,user45,pass45
46,user46,pass46
47,user47,pass47
48,user48,pass48
49,user49,pass49
50,user50,pass50
51,user51,pass51
52,user52,pass52
53,user53,pass53
54,user54,pass54
55,user55,pass55
56,user56,pass56
57,user57,pass57
58,user58,pass58
59,user59,pass59
60,user60,pass60
61,user61,pass61
62,user62,pass62
63,user63,pass63
64,user64,pass64
65,user65,pass65
66,user66,pass66
67,user67,pass67
68,user68,pass68
69,user69,pass69
70,user70,pass70
71,user71,pass71
72,user72,pass72
73,user73,pass73
74,user74,pass74
75,user75,pass75
76,user76,pass76
77,user77,pass77
78,user78,pass78
79,user79,pass79
80,user80,pass80
81,user81,pass81
82,user82,pass82
83,user83,pass83
84,user84,pass84
85,user85,pass85
86,user86,pass86
87,user87,pass87
88,user88,pass88
89,user89,pass89
90,user90,pass90
91,user91,pass91
92,user92,pass92
93,user93,pass93
94,user94,pass94
95,user95,pass95
96,user96,pass96
97,user97,pass97
98,user98,pass98
99,user99,pass99
100,user100,pass100
101,admin,admin
102,ali,1234
103,ayse,abcd
104,mehmet,pass
105,osman batur,1